GKA;1;-6.081689;145.391881;POM;5;-9.443383;147.22005;1;;
TPE;2276;25.077731;121.232822;KWE;3394;26.538522;106.800703;1;108;24
TPE;2276;25.077731;121.232822;KWE;3394;26.538522;106.800703;1;108;24
SFO;3469;37.618972;-122.374889;IAH;3550;29.984433;-95.341442;1;108;33
SFO;3469;37.618972;-122.374889;IAH;3550;29.984433;-95.341442;1;108;33
SFO;3469;37.618972;-122.374889;IAH;3550;29.984433;-95.341442;1;108;33
TPE;2276;25.077731;121.232822;CGO;3375;34.519672;113.840889;1;108;21
TPE;2276;25.077731;121.232822;CGO;3375;34.519672;113.840889;1;108;21
TPE;2276;25.077731;121.232822;NKG;3388;31.742042;118.862025;1;108;32
TPE;2276;25.077731;121.232822;NKG;3388;31.742042;118.862025;1;108;32
SFO;3469;37.618972;-122.374889;LAS;3877;36.080056;-115.15225;1;108;33
SFO;3469;37.618972;-122.374889;LAS;3877;36.080056;-115.15225;1;108;33
SFO;3469;37.618972;-122.374889;LAS;3877;36.080056;-115.15225;1;108;33
SFO;3469;37.618972;-122.374889;LAS;3877;36.080056;-115.15225;1;108;33
SFO;3469;37.618972;-122.374889;LAS;3877;36.080056;-115.15225;1;108;33
SFO;3469;37.618972;-122.374889;LAS;3877;36.080056;-115.15225;1;108;33
TPE;2276;25.077731;121.232822;TAO;3390;36.266108;120.374436;1;108;33
TPE;2276;25.077731;121.232822;TAO;3390;36.266108;120.374436;1;108;33
TPE;2276;25.077731;121.232822;TAO;3390;36.266108;120.374436;1;108;33
TPE;2276;25.077731;121.232822;TAO;3390;36.266108;120.374436;1;108;33
TPE;2276;25.077731;121.232822;WUH;3376;30.783758;114.2081;1;108;37
TPE;2276;25.077731;121.232822;WUH;3376;30.783758;114.2081;1;108;37
TPE;2276;25.077731;121.232822;WUH;3376;30.783758;114.2081;1;108;37
SFO;3469;37.618972;-122.374889;DFW;3670;32.896828;-97.037997;1;108;41
SFO;3469;37.618972;-122.374889;DFW;3670;32.896828;-97.037997;1;108;41
SFO;3469;37.618972;-122.374889;DFW;3670;32.896828;-97.037997;1;108;41
SFO;3469;37.618972;-122.374889;DFW;3670;32.896828;-97.037997;1;108;41
TPE;2276;25.077731;121.232822;SEA;3577;47.449;-122.309306;1;108;50
TPE;2276;25.077731;121.232822;SEA;3577;47.449;-122.309306;1;108;50
SFO;3469;37.618972;-122.374889;SEA;3577;47.449;-122.309306;1;108;50
SFO;3469;37.618972;-122.374889;DEN;3751;39.861656;-104.673178;1;108;26
SFO;3469;37.618972;-122.374889;DEN;3751;39.861656;-104.673178;1;108;26
TPE;2276;25.077731;121.232822;CSX;3371;28.189158;113.219633;1;108;30
TPE;2276;25.077731;121.232822;CSX;3371;28.189158;113.219633;1;108;30
TPE;2276;25.077731;121.232822;CSX;3371;28.189158;113.219633;1;108;30
TPE;2276;25.077731;121.232822;CSX;3371;28.189158;113.219633;1;108;30
SFO;3469;37.618972;-122.374889;IAD;3714;38.944533;-77.455811;1;108;41
SFO;3469;37.618972;-122.374889;IAD;3714;38.944533;-77.455811;1;108;41
SFO;3469;37.618972;-122.374889;IAD;3714;38.944533;-77.455811;1;108;41
SFO;3469;37.618972;-122.374889;CPH;609;55.617917;12.655972;1;108;24
TPE;2276;25.077731;121.232822;CKG;3393;29.719217;106.641678;1;108;36
TPE;2276;25.077731;121.232822;CKG;3393;29.719217;106.641678;1;108;36
TPE;2276;25.077731;121.232822;SZX;3374;22.639258;113.810664;1;108;30
TPE;2276;25.077731;121.232822;SZX;3374;22.639258;113.810664;1;108;30
TPE;2276;25.077731;121.232822;SZX;3374;22.639258;113.810664;1;108;30
TPE;2276;25.077731;121.232822;SZX;3374;22.639258;113.810664;1;108;30
SFO;3469;37.618972;-122.374889;ZRH;1678;47.464722;8.549167;1;108;31
SFO;3469;37.618972;-122.374889;EWR;3494;40.6925;-74.168667;1;108;35
TPE;2276;25.077731;121.232822;XMN;3383;24.544036;118.127739;1;108;37
TPE;2276;25.077731;121.232822;XMN;3383;24.544036;118.127739;1;108;37
TPE;2276;25.077731;121.232822;KMG;3382;24.992364;102.743536;1;108;28
TPE;2276;25.077731;121.232822;KMG;3382;24.992364;102.743536;1;108;28
TPE;2276;25.077731;121.232822;CTU;3395;30.578528;103.947086;1;108;44
TPE;2276;25.077731;121.232822;HGH;3386;30.229503;120.434453;1;108;34
TPE;2276;25.077731;121.232822;YYZ;193;43.677223;-79.630556;1;108;46
SFO;3469;37.618972;-122.374889;YYZ;193;43.677223;-79.630556;1;108;46
SFO;3469;37.618972;-122.374889;YYZ;193;43.677223;-79.630556;1;108;46
SFO;3469;37.618972;-122.374889;DXB;2188;25.252778;55.364444;1;108;43
SFO;3469;37.618972;-122.374889;DXB;2188;25.252778;55.364444;1;108;43
SFO;3469;37.618972;-122.374889;MUC;346;48.353783;11.786086;1;108;31
SFO;3469;37.618972;-122.374889;MUC;346;48.353783;11.786086;1;108;31
SFO;3469;37.618972;-122.374889;TPE;2276;25.077731;121.232822;1;108;64
SFO;3469;37.618972;-122.374889;TPE;2276;25.077731;121.232822;1;108;64
SFO;3469;37.618972;-122.374889;TPE;2276;25.077731;121.232822;1;108;64
SFO;3469;37.618972;-122.374889;TPE;2276;25.077731;121.232822;1;108;64
TPE;2276;25.077731;121.232822;HKG;3077;22.308919;113.914603;1;108;89
SFO;3469;37.618972;-122.374889;HKG;3077;22.308919;113.914603;1;108;89
SFO;3469;37.618972;-122.374889;HKG;3077;22.308919;113.914603;1;108;89
TPE;2276;25.077731;121.232822;NRT;2279;35.764722;140.386389;1;108;93
TPE;2276;25.077731;121.232822;NRT;2279;35.764722;140.386389;1;108;93
TPE;2276;25.077731;121.232822;NRT;2279;35.764722;140.386389;1;108;93
TPE;2276;25.077731;121.232822;NRT;2279;35.764722;140.386389;1;108;93
SFO;3469;37.618972;-122.374889;NRT;2279;35.764722;140.386389;1;108;93
SFO;3469;37.618972;-122.374889;ORD;3830;41.978603;-87.904842;1;108;68
TPE;2276;25.077731;121.232822;ICN;3930;37.469075;126.450517;1;108;86
TPE;2276;25.077731;121.232822;ICN;3930;37.469075;126.450517;1;108;86
TPE;2276;25.077731;121.232822;ICN;3930;37.469075;126.450517;1;108;86
TPE;2276;25.077731;121.232822;ICN;3930;37.469075;126.450517;1;108;86
SFO;3469;37.618972;-122.374889;ICN;3930;37.469075;126.450517;1;108;86
SFO;3469;37.618972;-122.374889;ICN;3930;37.469075;126.450517;1;108;86
TPE;2276;25.077731;121.232822;PVG;3406;31.143378;121.805214;1;108;79
TPE;2276;25.077731;121.232822;PVG;3406;31.143378;121.805214;1;108;79
TPE;2276;25.077731;121.232822;PVG;3406;31.143378;121.805214;1;108;79
TPE;2276;25.077731;121.232822;PVG;3406;31.143378;121.805214;1;108;79
SFO;3469;37.618972;-122.374889;PVG;3406;31.143378;121.805214;1;108;79
SFO;3469;37.618972;-122.374889;PVG;3406;31.143378;121.805214;1;108;79
SFO;3469;37.618972;-122.374889;PVG;3406;31.143378;121.805214;1;108;79
TPE;2276;25.077731;121.232822;PEK;3364;40.080111;116.584556;1;108;73
TPE;2276;25.077731;121.232822;PEK;3364;40.080111;116.584556;1;108;73
SFO;3469;37.618972;-122.374889;PEK;3364;40.080111;116.584556;1;108;73
TPE;2276;25.077731;121.232822;LAX;3484;33.942536;-118.408075;1;108;75
TPE;2276;25.077731;121.232822;LAX;3484;33.942536;-118.408075;1;108;75
SFO;3469;37.618972;-122.374889;LAX;3484;33.942536;-118.408075;1;108;75
SFO;3469;37.618972;-122.374889;LAX;3484;33.942536;-118.408075;1;108;75
SFO;3469;37.618972;-122.374889;LHR;507;51.4775;-0.461389;1;108;80
SFO;3469;37.618972;-122.374889;LHR;507;51.4775;-0.461389;1;108;80
CAN;3370;23.392436;113.298786;KWE;3394;26.538522;106.800703;1;111;24
CAN;3370;23.392436;113.298786;KWE;3394;26.538522;106.800703;1;111;24
CAN;3370;23.392436;113.298786;KWE;3394;26.538522;106.800703;1;111;24
CAN;3370;23.392436;113.298786;KWE;3394;26.538522;106.800703;1;111;24
CAN;3370;23.392436;113.298786;SHA;3391;31.197875;121.336319;1;111;21
CAN;3370;23.392436;113.298786;HGH;3386;30.229503;120.434453;1;111;34
CAN;3370;23.392436;113.298786;HGH;3386;30.229503;120.434453;1;111;34
CAN;3370;23.392436;113.298786;HGH;3386;30.229503;120.434453;1;111;34
CAN;3370;23.392436;113.298786;DXB;2188;25.252778;55.364444;1;111;43
CAN;3370;23.392436;113.298786;DXB;2188;25.252778;55.364444;1;111;43
CAN;3370;23.392436;113.298786;TPE;2276;25.077731;121.232822;1;111;64
CAN;3370;23.392436;113.298786;TPE;2276;25.077731;121.232822;1;111;64
CAN;3370;23.392436;113.298786;TPE;2276;25.077731;121.232822;1;111;64
CAN;3370;23.392436;113.298786;TPE;2276;25.077731;121.232822;1;111;64
HGH;3386;30.229503;120.434453;CAN;3370;23.392436;113.298786;1;10;52
HGH;3386;30.229503;120.434453;CAN;3370;23.392436;113.298786;1;10;52
HGH;3386;30.229503;120.434453;CAN;3370;23.392436;113.298786;1;10;52
HGH;3386;30.229503;120.434453;CAN;3370;23.392436;113.298786;1;10;52
CTU;3395;30.578528;103.947086;CAN;3370;23.392436;113.298786;1;20;52
CTU;3395;30.578528;103.947086;CAN;3370;23.392436;113.298786;1;20;52
CTU;3395;30.578528;103.947086;SIN;3316;1.350189;103.994433;1;20;62
CTU;3395;30.578528;103.947086;SIN;3316;1.350189;103.994433;1;20;62
CAN;3370;23.392436;113.298786;SIN;3316;1.350189;103.994433;1;111;62
CAN;3370;23.392436;113.298786;SIN;3316;1.350189;103.994433;1;111;62
CAN;3370;23.392436;113.298786;SIN;3316;1.350189;103.994433;1;111;62
CTU;3395;30.578528;103.947086;BKK;3885;13.681108;100.747283;1;20;75
CAN;3370;23.392436;113.298786;BKK;3885;13.681108;100.747283;1;111;75
CAN;3370;23.392436;113.298786;BKK;3885;13.681108;100.747283;1;111;75
HGH;3386;30.229503;120.434453;AMS;580;52.308613;4.763889;1;10;40
CTU;3395;30.578528;103.947086;AMS;580;52.308613;4.763889;1;20;40
CAN;3370;23.392436;113.298786;AMS;580;52.308613;4.763889;1;111;40
CAN;3370;23.392436;113.298786;AMS;580;52.308613;4.763889;1;111;40
HGH;3386;30.229503;120.434453;HKG;3077;22.308919;113.914603;1;10;89
HGH;3386;30.229503;120.434453;HKG;3077;22.308919;113.914603;1;10;89
CTU;3395;30.578528;103.947086;HKG;3077;22.308919;113.914603;1;20;89
CTU;3395;30.578528;103.947086;HKG;3077;22.308919;113.914603;1;20;89
CTU;3395;30.578528;103.947086;HKG;3077;22.308919;113.914603;1;20;89
CAN;3370;23.392436;113.298786;HKG;3077;22.308919;113.914603;1;111;89
CTU;3395;30.578528;103.947086;NRT;2279;35.764722;140.386389;1;20;93
CTU;3395;30.578528;103.947086;NRT;2279;35.764722;140.386389;1;20;93
CAN;3370;23.392436;113.298786;NRT;2279;35.764722;140.386389;1;111;93
CAN;3370;23.392436;113.298786;NRT;2279;35.764722;140.386389;1;111;93
CAN;3370;23.392436;113.298786;NRT;2279;35.764722;140.386389;1;111;93
CTU;3395;30.578528;103.947086;ICN;3930;37.469075;126.450517;1;20;86
CTU;3395;30.578528;103.947086;ICN;3930;37.469075;126.450517;1;20;86
CAN;3370;23.392436;113.298786;ICN;3930;37.469075;126.450517;1;111;86
CAN;3370;23.392436;113.298786;ICN;3930;37.469075;126.450517;1;111;86
CTU;3395;30.578528;103.947086;FRA;340;50.026421;8.543125;1;20;45
CTU;3395;30.578528;103.947086;FRA;340;50.026421;8.543125;1;20;45
CTU;3395;30.578528;103.947086;PVG;3406;31.143378;121.805214;1;20;79
CTU;3395;30.578528;103.947086;PVG;3406;31.143378;121.805214;1;20;79
CAN;3370;23.392436;113.298786;PVG;3406;31.143378;121.805214;1;111;79
CAN;3370;23.392436;113.298786;PVG;3406;31.143378;121.805214;1;111;79
HGH;3386;30.229503;120.434453;PEK;3364;40.080111;116.584556;1;10;73
HGH;3386;30.229503;120.434453;PEK;3364;40.080111;116.584556;1;10;73
HGH;3386;30.229503;120.434453;PEK;3364;40.080111;116.584556;1;10;73
CTU;3395;30.578528;103.947086;PEK;3364;40.080111;116.584556;1;20;73
CTU;3395;30.578528;103.947086;PEK;3364;40.080111;116.584556;1;20;73
CTU;3395;30.578528;103.947086;PEK;3364;40.080111;116.584556;1;20;73
CAN;3370;23.392436;113.298786;PEK;3364;40.080111;116.584556;1;111;73
CAN;3370;23.392436;113.298786;LAX;3484;33.942536;-118.408075;1;111;75
CAN;3370;23.392436;113.298786;CDG;1382;49.012779;2.55;1;111;62
CAN;3370;23.392436;113.298786;LHR;507;51.4775;-0.461389;1;111;80
KMG;3382;24.992364;102.743536;KWE;3394;26.538522;106.800703;1;114;24
KMG;3382;24.992364;102.743536;KWE;3394;26.538522;106.800703;1;114;24
KMG;3382;24.992364;102.743536;KWE;3394;26.538522;106.800703;1;114;24
KMG;3382;24.992364;102.743536;KWE;3394;26.538522;106.800703;1;114;24
KMG;3382;24.992364;102.743536;KWE;3394;26.538522;106.800703;1;114;24
FRA;340;50.026421;8.543125;TXL;351;52.559686;13.287711;1;114;19
FRA;340;50.026421;8.543125;TXL;351;52.559686;13.287711;1;114;19
FRA;340;50.026421;8.543125;ARN;737;59.651944;17.918611;1;114;22
FRA;340;50.026421;8.543125;ARN;737;59.651944;17.918611;1;114;22
KMG;3382;24.992364;102.743536;SHA;3391;31.197875;121.336319;1;114;21
KMG;3382;24.992364;102.743536;SHA;3391;31.197875;121.336319;1;114;21
KMG;3382;24.992364;102.743536;CGO;3375;34.519672;113.840889;1;114;21
KMG;3382;24.992364;102.743536;CGO;3375;34.519672;113.840889;1;114;21
FRA;340;50.026421;8.543125;MAN;478;53.353744;-2.27495;1;114;21
KMG;3382;24.992364;102.743536;KUL;3304;2.745578;101.709917;1;114;54
KMG;3382;24.992364;102.743536;KUL;3304;2.745578;101.709917;1;114;54
FRA;340;50.026421;8.543125;KUL;3304;2.745578;101.709917;1;114;54
FRA;340;50.026421;8.543125;KUL;3304;2.745578;101.709917;1;114;54
KMG;3382;24.992364;102.743536;NKG;3388;31.742042;118.862025;1;114;32
KMG;3382;24.992364;102.743536;NKG;3388;31.742042;118.862025;1;114;32
FRA;340;50.026421;8.543125;LAS;3877;36.080056;-115.15225;1;114;33
FRA;340;50.026421;8.543125;NKG;3388;31.742042;118.862025;1;114;32
FRA;340;50.026421;8.543125;NKG;3388;31.742042;118.862025;1;114;32
KMG;3382;24.992364;102.743536;TAO;3390;36.266108;120.374436;1;114;33
KMG;3382;24.992364;102.743536;TAO;3390;36.266108;120.374436;1;114;33
FRA;340;50.026421;8.543125;DUS;345;51.289453;6.766775;1;114;21
FRA;340;50.026421;8.543125;IST;1701;40.976922;28.814606;1;114;31
FRA;340;50.026421;8.543125;IST;1701;40.976922;28.814606;1;114;31
FRA;340;50.026421;8.543125;BRU;302;50.901389;4.484444;1;114;22
FRA;340;50.026421;8.543125;BRU;302;50.901389;4.484444;1;114;22
KMG;3382;24.992364;102.743536;WUH;3376;30.783758;114.2081;1;114;37
KMG;3382;24.992364;102.743536;WUH;3376;30.783758;114.2081;1;114;37
KMG;3382;24.992364;102.743536;WUH;3376;30.783758;114.2081;1;114;37
KMG;3382;24.992364;102.743536;WUH;3376;30.783758;114.2081;1;114;37
KMG;3382;24.992364;102.743536;WUH;3376;30.783758;114.2081;1;114;37
KMG;3382;24.992364;102.743536;WUH;3376;30.783758;114.2081;1;114;37
KMG;3382;24.992364;102.743536;WUH;3376;30.783758;114.2081;1;114;37
FRA;340;50.026421;8.543125;DEN;3751;39.861656;-104.673178;1;114;26
FRA;340;50.026421;8.543125;AUH;2179;24.432972;54.651138;1;114;46
FRA;340;50.026421;8.543125;AUH;2179;24.432972;54.651138;1;114;46
FRA;340;50.026421;8.543125;AUH;2179;24.432972;54.651138;1;114;46
KMG;3382;24.992364;102.743536;CSX;3371;28.189158;113.219633;1;114;30
KMG;3382;24.992364;102.743536;CSX;3371;28.189158;113.219633;1;114;30
KMG;3382;24.992364;102.743536;CSX;3371;28.189158;113.219633;1;114;30
KMG;3382;24.992364;102.743536;CSX;3371;28.189158;113.219633;1;114;30
FRA;340;50.026421;8.543125;IAD;3714;38.944533;-77.455811;1;114;41
FRA;340;50.026421;8.543125;IAD;3714;38.944533;-77.455811;1;114;41
FRA;340;50.026421;8.543125;CPH;609;55.617917;12.655972;1;114;24
FRA;340;50.026421;8.543125;CPH;609;55.617917;12.655972;1;114;24
FRA;340;50.026421;8.543125;CPH;609;55.617917;12.655972;1;114;24
KMG;3382;24.992364;102.743536;CKG;3393;29.719217;106.641678;1;114;36
KMG;3382;24.992364;102.743536;SZX;3374;22.639258;113.810664;1;114;30
FRA;340;50.026421;8.543125;ZRH;1678;47.464722;8.549167;1;114;31
FRA;340;50.026421;8.543125;ZRH;1678;47.464722;8.549167;1;114;31
FRA;340;50.026421;8.543125;ZRH;1678;47.464722;8.549167;1;114;31
FRA;340;50.026421;8.543125;EWR;3494;40.6925;-74.168667;1;114;35
FRA;340;50.026421;8.543125;EWR;3494;40.6925;-74.168667;1;114;35
KMG;3382;24.992364;102.743536;XMN;3383;24.544036;118.127739;1;114;37
KMG;3382;24.992364;102.743536;XMN;3383;24.544036;118.127739;1;114;37
KMG;3382;24.992364;102.743536;XMN;3383;24.544036;118.127739;1;114;37
KMG;3382;24.992364;102.743536;XMN;3383;24.544036;118.127739;1;114;37
KMG;3382;24.992364;102.743536;XMN;3383;24.544036;118.127739;1;114;37
KMG;3382;24.992364;102.743536;XMN;3383;24.544036;118.127739;1;114;37
KMG;3382;24.992364;102.743536;XMN;3383;24.544036;118.127739;1;114;37
FRA;340;50.026421;8.543125;FCO;1555;41.804475;12.250797;1;114;20
FRA;340;50.026421;8.543125;FCO;1555;41.804475;12.250797;1;114;20
KMG;3382;24.992364;102.743536;CTU;3395;30.578528;103.947086;1;114;44
KMG;3382;24.992364;102.743536;CTU;3395;30.578528;103.947086;1;114;44
KMG;3382;24.992364;102.743536;CTU;3395;30.578528;103.947086;1;114;44
KMG;3382;24.992364;102.743536;CTU;3395;30.578528;103.947086;1;114;44
KMG;3382;24.992364;102.743536;CTU;3395;30.578528;103.947086;1;114;44
FRA;340;50.026421;8.543125;BCN;1218;41.297078;2.078464;1;114;22
FRA;340;50.026421;8.543125;BCN;1218;41.297078;2.078464;1;114;22
FRA;340;50.026421;8.543125;BCN;1218;41.297078;2.078464;1;114;22
FRA;340;50.026421;8.543125;CTU;3395;30.578528;103.947086;1;114;44
FRA;340;50.026421;8.543125;CTU;3395;30.578528;103.947086;1;114;44
FRA;340;50.026421;8.543125;MAD;1229;40.493556;-3.566764;1;114;30
FRA;340;50.026421;8.543125;MAD;1229;40.493556;-3.566764;1;114;30
FRA;340;50.026421;8.543125;MAD;1229;40.493556;-3.566764;1;114;30
FRA;340;50.026421;8.543125;MAD;1229;40.493556;-3.566764;1;114;30
FRA;340;50.026421;8.543125;MAD;1229;40.493556;-3.566764;1;114;30
KMG;3382;24.992364;102.743536;XIY;3379;34.447119;108.751592;
KMG;3382;24.992364;102.743536;XIY;3379;34.447119;108.751592;1;114;33
FRA;340;50.026421;8.543125;VIE;1613;48.110278;16.569722;1;114;28
FRA;340;50.026421;8.543125;VIE;1613;48.110278;16.569722;1;114;28
FRA;340;50.026421;8.543125;VIE;1613;48.110278;16.569722;1;114;28
FRA;340;50.026421;8.543125;VIE;1613;48.110278;16.569722;1;114;28
KMG;3382;24.992364;102.743536;HGH;3386;30.229503;120.434453;1;114;34
KMG;3382;24.992364;102.743536;HGH;3386;30.229503;120.434453;1;114;34
KMG;3382;24.992364;102.743536;HGH;3386;30.229503;120.434453;1;114;34
KMG;3382;24.992364;102.743536;HGH;3386;30.229503;120.434453;1;114;34
KMG;3382;24.992364;102.743536;HGH;3386;30.229503;120.434453;1;114;34
KMG;3382;24.992364;102.743536;HGH;3386;30.229503;120.434453;1;114;34
FRA;340;50.026421;8.543125;YYZ;193;43.677223;-79.630556;1;114;46
FRA;340;50.026421;8.543125;YYZ;193;43.677223;-79.630556;1;114;46
FRA;340;50.026421;8.543125;YYZ;193;43.677223;-79.630556;1;114;46
KMG;3382;24.992364;102.743536;DXB;2188;25.252778;55.364444;1;114;43
FRA;340;50.026421;8.543125;DXB;2188;25.252778;55.364444;1;114;43
FRA;340;50.026421;8.543125;DXB;2188;25.252778;55.364444;1;114;43
FRA;340;50.026421;8.543125;DXB;2188;25.252778;55.364444;1;114;43
FRA;340;50.026421;8.543125;MUC;346;48.353783;11.786086;1;114;31
KMG;3382;24.992364;102.743536;TPE;2276;25.077731;121.232822;1;114;64
KMG;3382;24.992364;102.743536;TPE;2276;25.077731;121.232822;1;114;64
FRA;340;50.026421;8.543125;TPE;2276;25.077731;121.232822;1;114;64
KMG;3382;24.992364;102.743536;CAN;3370;23.392436;113.298786;1;114;52
KMG;3382;24.992364;102.743536;CAN;3370;23.392436;113.298786;1;114;52
KMG;3382;24.992364;102.743536;SIN;3316;1.350189;103.994433;1;114;62
KMG;3382;24.992364;102.743536;SIN;3316;1.350189;103.994433;1;114;62
FRA;340;50.026421;8.543125;SIN;3316;1.350189;103.994433;1;114;62
FRA;340;50.026421;8.543125;SFO;3469;37.618972;-122.374889;1;114;70
KMG;3382;24.992364;102.743536;BKK;3885;13.681108;100.747283;1;114;75
FRA;340;50.026421;8.543125;AMS;580;52.308613;4.763889;1;114;40
KMG;3382;24.992364;102.743536;HKG;3077;22.308919;113.914603;1;114;89
KMG;3382;24.992364;102.743536;HKG;3077;22.308919;113.914603;1;114;89
FRA;340;50.026421;8.543125;HKG;3077;22.308919;113.914603;1;114;89
FRA;340;50.026421;8.543125;ORD;3830;41.978603;-87.904842;1;114;68
KMG;3382;24.992364;102.743536;ICN;3930;37.469075;126.450517;1;114;86
FRA;340;50.026421;8.543125;ICN;3930;37.469075;126.450517;1;114;86
FRA;340;50.026421;8.543125;PEK;3364;40.080111;116.584556;1;114;73
FRA;340;50.026421;8.543125;CDG;1382;49.012779;2.55;1;114;62
FRA;340;50.026421;8.543125;JFK;3797;40.639751;-73.778925;1;114;72
FRA;340;50.026421;8.543125;JFK;3797;40.639751;-73.778925;1;114;72
FRA;340;50.026421;8.543125;LHR;507;51.4775;-0.461389;1;114;80
SIN;3316;1.350189;103.994433;HEL;421;60.317222;24.963333;1;116;30
SIN;3316;1.350189;103.994433;MXP;1524;45.630606;8.728111;1;116;23
SIN;3316;1.350189;103.994433;KUL;3304;2.745578;101.709917;1;
SIN;3316;1.350189;103.994433;TPE;2276;25.077731;121.232822;1;116;64
SIN;3316;1.350189;103.994433;TPE;2276;25.077731;121.232822;1;116;64
SIN;3316;1.350189;103.994433;TPE;2276;25.077731;121.232822;1;116;64
SIN;3316;1.350189;103.994433;TPE;2276;25.077731;121.232822;1;116;64
SIN;3316;1.350189;103.994433;TPE;2276;25.077731;121.232822;1;116;64
SIN;3316;1.350189;103.994433;TPE;2276;25.077731;121.232822;1;116;64
TPE;2276;25.077731;121.232822;CAN;3370;23.392436;113.298786;1;108;52
TPE;2276;25.077731;121.232822;CAN;3370;23.392436;113.298786;1;108;52
SIN;3316;1.350189;103.994433;CAN;3370;23.392436;113.298786;1;116;52
SIN;3316;1.350189;103.994433;CAN;3370;23.392436;113.298786;1;116;52
TPE;2276;25.077731;121.232822;SIN;3316;1.350189;103.994433;1;108;62
TPE;2276;25.077731;121.232822;BKK;3885;13.681108;100.747283;1;108;75
TPE;2276;25.077731;121.232822;BKK;3885;13.681108;100.747283;1;108;75
SIN;3316;1.350189;103.994433;BKK;3885;13.681108;100.747283;1;116;75
SIN;3316;1.350189;103.994433;BKK;3885;13.681108;100.747283;1;116;75
SIN;3316;1.350189;103.994433;BKK;3885;13.681108;100.747283;1;116;75
SIN;3316;1.350189;103.994433;BKK;3885;13.681108;100.747283;1;116;75
SIN;3316;1.350189;103.994433;AMS;580;52.308613;4.763889;1;116;40
TPE;2276;25.077731;121.232822;HKG;3077;22.308919;113.914603;1;108;89
TPE;2276;25.077731;121.232822;HKG;3077;22.308919;113.914603;1;108;89
TPE;2276;25.077731;121.232822;HKG;3077;22.308919;113.914603;1;108;89
SIN;3316;1.350189;103.994433;HKG;3077;22.308919;113.914603;1;116;89
SIN;3316;1.350189;103.994433;HKG;3077;22.308919;113.914603;1;116;89
SIN;3316;1.350189;103.994433;HKG;3077;22.308919;113.914603;1;116;89
TPE;2276;25.077731;121.232822;NRT;2279;35.764722;140.386389;1;108;93
TPE;2276;25.077731;121.232822;NRT;2279;35.764722;140.386389;1;108;93
TPE;2276;25.077731;121.232822;NRT;2279;35.764722;140.386389;1;108;93
TPE;2276;25.077731;121.232822;NRT;2279;35.764722;140.386389;1;108;93
TPE;2276;25.077731;121.232822;NRT;2279;35.764722;140.386389;1;108;93
SIN;3316;1.350189;103.994433;NRT;2279;35.764722;140.386389;1;116;93
SIN;3316;1.350189;103.994433;NRT;2279;35.764722;140.386389;1;116;93
SIN;3316;1.350189;103.994433;NRT;2279;35.764722;140.386389;1;116;93
SIN;3316;1.350189;103.994433;NRT;2279;35.764722;140.386389;1;116;93
TPE;2276;25.077731;121.232822;ICN;3930;37.469075;126.450517;1;108;86
TPE;2276;25.077731;121.232822;ICN;3930;37.469075;126.450517;1;108;86
TPE;2276;25.077731;121.232822;ICN;3930;37.469075;126.450517;1;108;86
SIN;3316;1.350189;103.994433;ICN;3930;37.469075;126.450517;1;116;86
SIN;3316;1.350189;103.994433;ICN;3930;37.469075;126.450517;1;116;86
TPE;2276;25.077731;121.232822;FRA;340;50.026421;8.543125;1;108;45
SIN;3316;1.350189;103.994433;FRA;340;50.026421;8.543125;1;116;45
SIN;3316;1.350189;103.994433;FRA;340;50.026421;8.543125;1;116;45
TPE;2276;25.077731;121.232822;PVG;3406;31.143378;121.805214;1;108;79
TPE;2276;25.077731;121.232822;PVG;3406;31.143378;121.805214;1;108;79
SIN;3316;1.350189;103.994433;PVG;3406;31.143378;121.805214;1;116;79
TPE;2276;25.077731;121.232822;PEK;3364;40.080111;116.584556;1;108;73
TPE;2276;25.077731;121.232822;PEK;3364;40.080111;116.584556;1;108;73
SIN;3316;1.350189;103.994433;LHR;507;51.4775;-0.461389;1;116;80
AMS;580;52.308613;4.763889;TXL;351;52.559686;13.287711;1;118;19
AMS;580;52.308613;4.763889;TXL;351;52.559686;13.287711;1;118;19
AMS;580;52.308613;4.763889;TXL;351;52.559686;13.287711;1;118;19
AMS;580;52.308613;4.763889;IAH;3550;29.984433;-95.341442;1;118;33
AMS;580;52.308613;4.763889;DUS;345;51.289453;6.766775;1;118;21
AMS;580;52.308613;4.763889;DUS;345;51.289453;6.766775;1;118;21
AMS;580;52.308613;4.763889;DXB;2188;25.252778;55.364444;1;118;43
AMS;580;52.308613;4.763889;DXB;2188;25.252778;55.364444;1;118;43
AMS;580;52.308613;4.763889;MUC;346;48.353783;11.786086;1;118;31
AMS;580;52.308613;4.763889;MUC;346;48.353783;11.786086;1;118;31
AMS;580;52.308613;4.763889;MUC;346;48.353783;11.786086;1;118;31
AMS;580;52.308613;4.763889;TPE;2276;25.077731;121.232822;1;118;64
AMS;580;52.308613;4.763889;SIN;3316;1.350189;103.994433;1;118;62
YYZ;193;43.677223;-79.630556;SFO;3469;37.618972;-122.374889;1;23;70
YYZ;193;43.677223;-79.630556;SFO;3469;37.618972;-122.374889;1;23;70
AMS;580;52.308613;4.763889;BKK;3885;13.681108;100.747283;1;118;75
YYZ;193;43.677223;-79.630556;HKG;3077;22.308919;113.914603;1;23;89
YYZ;193;43.677223;-79.630556;HKG;3077;22.308919;113.914603;1;23;89
AMS;580;52.308613;4.763889;NRT;2279;35.764722;140.386389;1;118;93
YYZ;193;43.677223;-79.630556;ORD;3830;41.978603;-87.904842;1;23;68
YYZ;193;43.677223;-79.630556;ORD;3830;41.978603;-87.904842;1;23;68
YYZ;193;43.677223;-79.630556;ORD;3830;41.978603;-87.904842;1;23;68
AMS;580;52.308613;4.763889;ORD;3830;41.978603;-87.904842;1;118;68
YYZ;193;43.677223;-79.630556;ICN;3930;37.469075;126.450517;1;23;86
YYZ;193;43.677223;-79.630556;FRA;340;50.026421;8.543125;1;23;45
AMS;580;52.308613;4.763889;FRA;340;50.026421;8.543125;1;118;45
YYZ;193;43.677223;-79.630556;PVG;3406;31.143378;121.805214;1;23;79
AMS;580;52.308613;4.763889;PVG;3406;31.143378;121.805214;1;118;79
YYZ;193;43.677223;-79.630556;PEK;3364;40.080111;116.584556;1;23;73
YYZ;193;43.677223;-79.630556;PEK;3364;40.080111;116.584556;1;23;73
YYZ;193;43.677223;-79.630556;LAX;3484;33.942536;-118.408075;1;23;75
YYZ;193;43.677223;-79.630556;LAX;3484;33.942536;-118.408075;1;23;75
AMS;580;52.308613;4.763889;LAX;3484;33.942536;-118.408075;1;118;7
YYZ;193;43.677223;-79.630556;JFK;3797;40.639751;-73.778925;1;23;72
AMS;580;52.308613;4.763889;JFK;3797;40.639751;-73.778925;1;118;72
YYZ;193;43.677223;-79.630556;LHR;507;51.4775;-0.461389;1;23;80
YYZ;193;43.677223;-79.630556;LHR;507;51.4775;-0.461389;1;23;80
YYZ;193;43.677223;-79.630556;LHR;507;51.4775;-0.461389;1;23;80
AMS;580;52.308613;4.763889;LHR;507;51.4775;-0.461389;1;118;80
KMG;3382;24.992364;102.743536;CAN;3370;23.392436;113.298786;1;114;52
KMG;3382;24.992364;102.743536;CAN;3370;23.392436;113.298786;1;114;52
KMG;3382;24.992364;102.743536;PEK;3364;40.080111;116.584556;1;114;73
KMG;3382;24.992364;102.743536;PEK;3364;40.080111;116.584556;1;114;73
CAN;3370;23.392436;113.298786;SIN;3316;1.350189;103.994433;1;111;62
CAN;3370;23.392436;113.298786;PEK;3364;40.080111;116.584556;1;111;73
CAN;3370;23.392436;113.298786;LAX;3484;33.942536;-118.408075;1;111;75
CAN;3370;23.392436;113.298786;CDG;1382;49.012779;2.55;1;111;62
BKK;3885;13.681108;100.747283;HEL;421;60.317222;24.963333;1;124;30
BKK;3885;13.681108;100.747283;MXP;1524;45.630606;8.728111;1;124;23
BKK;3885;13.681108;100.747283;ARN;737;59.651944;17.918611;1;124;22
BKK;3885;13.681108;100.747283;ARN;737;59.651944;17.918611;1;124;22
BKK;3885;13.681108;100.747283;ARN;737;59.651944;17.918611;1;124;22
BKK;3885;13.681108;100.747283;CGO;3375;34.519672;113.840889;1;124;21
BKK;3885;13.681108;100.747283;KUL;3304;2.745578;101.709917;1;124;54
BKK;3885;13.681108;100.747283;KUL;3304;2.745578;101.709917;1;124;54
BKK;3885;13.681108;100.747283;KUL;3304;2.745578;101.709917;1;124;54
BKK;3885;13.681108;100.747283;KUL;3304;2.745578;101.709917;1;124;54
BKK;3885;13.681108;100.747283;KUL;3304;2.745578;101.709917;1;124;54
BKK;3885;13.681108;100.747283;NRT;2279;35.764722;140.386389;1;124;93
BKK;3885;13.681108;100.747283;NRT;2279;35.764722;140.386389;1;124;93
BKK;3885;13.681108;100.747283;NRT;2279;35.764722;140.386389;1;124;93
BKK;3885;13.681108;100.747283;NRT;2279;35.764722;140.386389;1;124;93
BKK;3885;13.681108;100.747283;NRT;2279;35.764722;140.386389;1;124;93
BKK;3885;13.681108;100.747283;NRT;2279;35.764722;140.386389;1;124;93
BKK;3885;13.681108;100.747283;NRT;2279;35.764722;140.386389;1;124;93
BKK;3885;13.681108;100.747283;ICN;3930;37.469075;126.450517;1;124;86
BKK;3885;13.681108;100.747283;ICN;3930;37.469075;126.450517;1;124;86
BKK;3885;13.681108;100.747283;PEK;3364;40.080111;116.584556;1;124;73
BKK;3885;13.681108;100.747283;PEK;3364;40.080111;116.584556;1;124;73
BKK;3885;13.681108;100.747283;PEK;3364;40.080111;116.584556;1;124;73
BKK;3885;13.681108;100.747283;CDG;1382;49.012779;2.55;1;124;62
BKK;3885;13.681108;100.747283;CDG;1382;49.012779;2.55;1;124;62
BKK;3885;13.681108;100.747283;CDG;1382;49.012779;2.55;1;124;62
BKK;3885;13.681108;100.747283;LHR;507;51.4775;-0.461389;1;124;80
BKK;3885;13.681108;100.747283;LHR;507;51.4775;-0.461389;1;124;80
BKK;3885;13.681108;100.747283;LHR;507;51.4775;-0.461389;1;124;80
BKK;3885;13.681108;100.747283;LHR;507;51.4775;-0.461389;1;124;80
ORD;3830;41.978603;-87.904842;TXL;351;52.559686;13.287711;1;125;19
ORD;3830;41.978603;-87.904842;TXL;351;52.559686;13.287711;1;125;19
ORD;3830;41.978603;-87.904842;IAH;3550;29.984433;-95.341442;1;125;33
ORD;3830;41.978603;-87.904842;IAH;3550;29.984433;-95.341442;1;125;33
ORD;3830;41.978603;-87.904842;IAH;3550;29.984433;-95.341442;1;125;33
ORD;3830;41.978603;-87.904842;IAH;3550;29.984433;-95.341442;1;125;33
ORD;3830;41.978603;-87.904842;SEA;3577;47.449;-122.309306;1;125;50
ORD;3830;41.978603;-87.904842;DEN;3751;39.861656;-104.673178;1;125;26
ORD;3830;41.978603;-87.904842;DEN;3751;39.861656;-104.673178;1;125;26
ORD;3830;41.978603;-87.904842;DEN;3751;39.861656;-104.673178;1;125;26
ORD;3830;41.978603;-87.904842;EWR;3494;40.6925;-74.168667;1;125;35
ORD;3830;41.978603;-87.904842;CDG;1382;49.012779;2.55;1;125;62
ORD;3830;41.978603;-87.904842;CDG;1382;49.012779;2.55;1;125;62
ORD;3830;41.978603;-87.904842;CDG;1382;49.012779;2.55;1;125;62
ORD;3830;41.978603;-87.904842;JFK;3797;40.639751;-73.778925;1;125;72
ORD;3830;41.978603;-87.904842;LHR;507;51.4775;-0.461389;1;125;80
LAX;3484;33.942536;-118.408075;IAH;3550;29.984433;-95.341442;1;127;33
LAX;3484;33.942536;-118.408075;IAH;3550;29.984433;-95.341442;1;127;33
LAX;3484;33.942536;-118.408075;IAH;3550;29.984433;-95.341442;1;127;33
LAX;3484;33.942536;-118.408075;IAH;3550;29.984433;-95.341442;1;127;33
LAX;3484;33.942536;-118.408075;IAH;3550;29.984433;-95.341442;1;127;33
LAX;3484;33.942536;-118.408075;LAS;3877;36.080056;-115.15225;1;127;33
LAX;3484;33.942536;-118.408075;YYZ;193;43.677223;-79.630556;1;127;46
LAX;3484;33.942536;-118.408075;DXB;2188;25.252778;55.364444;1;127;43
LAX;3484;33.942536;-118.408075;DXB;2188;25.252778;55.364444;1;127;43
LAX;3484;33.942536;-118.408075;MUC;346;48.353783;11.786086;1;127;31
LAX;3484;33.942536;-118.408075;MUC;346;48.353783;11.786086;1;127;31
LAX;3484;33.942536;-118.408075;TPE;2276;25.077731;121.232822;1;127;64
LAX;3484;33.942536;-118.408075;TPE;2276;25.077731;121.232822;1;127;64
LAX;3484;33.942536;-118.408075;TPE;2276;25.077731;121.232822;1;127;64
LAX;3484;33.942536;-118.408075;TPE;2276;25.077731;121.232822;1;127;64
LAX;3484;33.942536;-118.408075;TPE;2276;25.077731;121.232822;1;127;64
SFO;3469;37.618972;-122.374889;AMS;580;52.308613;4.763889;1;108;40
JFK;3797;40.639751;-73.778925;MAN;478;53.353744;-2.27495;1;155;21
JFK;3797;40.639751;-73.778925;MAN;478;53.353744;-2.27495;1;155;21
JFK;3797;40.639751;-73.778925;LAS;3877;36.080056;-115.15225;1;155;33
JFK;3797;40.639751;-73.778925;LAS;3877;36.080056;-115.15225;1;155;33
JFK;3797;40.639751;-73.778925;LAS;3877;36.080056;-115.15225;1;155;33